c,d,test-error,validation-error,svs
512,1,0.228927,0.203635,1526
512,2,0.20977,0.196615,1471
512,3,0.214559,0.187682,1467
512,4,0.213602,0.196297,1497